001	cabina.v1	V one
002	cabina.vr	rotate
003	cabina.terrainPullUp	terrain, pull up
004	cabina.tooLow	too low
005	cabina.tooFast	too fast
006	cabina.offTheRunway	off the runway
007	cabina.airspeed	airspeed
008	cabina.fourHundred	four hundred
009	cabina.threeHundred	three hundred
010	cabina.twoHundred	two hundred
011	cabina.positiveRate	positive rate
012	cabina.gearUp	gear up
013	cabina.gearDown	gear down
014	cabina.sinkRate	sink rate
015	cabina.bankAngle	bank angle
016	cabina.stall	stall, stall
017	cabina.traffic	traffic, traffic
018	cabina.autopilotDisconnect	autopilot disconnect
019	cabina.minimums	minimums
020	cabina.slowDown	slow down
021	cabina.tooHighComeDown	too high, come down
022	cabina.tooLowClimb	too low, climb
023	cabina.obstacleAhead	obstacle ahead
024	cabina.goAround	going around. good decision
025	cabina.weHaveAProblem	we have a problem
026	cabina.goAroundOrder	go around
027	cabina.airspeedLow	airspeed low
028	cabina.twentyFiveHundred	twenty five hundred
029	cabina.oneThousand	one thousand
030	cabina.fiveHundred	five hundred
031	cabina.oneHundred	one hundred
032	cabina.fifty	fifty
033	cabina.forty	forty
034	cabina.thirty	thirty
035	cabina.twenty	twenty
036	cabina.ten	ten
