001	torre.solo.subirNivel	ascienda a nivel de vuelo
002	fonetico.alfa	Alfa
003	fonetico.bravo	Bravo
004	fonetico.charlie	Charlie
005	fonetico.delta	Delta
006	fonetico.echo	Echo
007	fonetico.foxtrot	Foxtrot
008	fonetico.golf	Golf
009	fonetico.hotel	Hotel
010	fonetico.india	India
011	fonetico.juliett	Juliett
012	fonetico.kilo	Kilo
013	fonetico.lima	Lima
014	fonetico.mike	Mike
015	fonetico.november	November
016	fonetico.oscar	Oscar
017	fonetico.papa	Papa
018	fonetico.quebec	Quebec
019	fonetico.romeo	Romeo
020	fonetico.sierra	Sierra
021	fonetico.tango	Tango
022	fonetico.uniform	Uniform
023	fonetico.victor	Victor
024	fonetico.whiskey	Whiskey
025	fonetico.xray	X-ray
026	fonetico.yankee	Yankee
027	fonetico.zulu	Zulu
028	cifra.0	zero
029	cifra.1	one
030	cifra.2	two
031	cifra.3	three
032	cifra.4	four
033	cifra.5	five
034	cifra.6	six
035	cifra.7	seven
036	cifra.8	eight
037	cifra.9	niner
038	torre.solo.runway	runway
039	lado.left	left
040	lado.right	right
041	lado.center	center
042	torre.solo.clearedTakeoff	cleared for take-off
043	torre.solo.clearedLand	cleared to land
044	torre.solo.goAround	go around, runway occupied
045	torre.solo.holdShort	hold short of the runway
046	torre.solo.vacateNext	vacate next available
047	torre.solo.landingTraffic	landing traffic
048	torre.solo.departingTraffic	departing traffic
049	torre.solo.lineUpWait	line up and wait
050	torre.solo.clearedTo	cleared to
051	torre.solo.climbTo	climb to
052	torre.solo.runwayInUse	runway in use
053	torre.solo.goAroundSolo	go around
054	torre.solo.rogerMayday	roger, Mayday
055	torre.solo.rogerPanPan	roger, Pan Pan
056	torre.solo.birdsOnFinal	caution, flock of birds on final
057	torre.solo.free	free
058	torre.solo.occupied	occupied
059	torre.solo.noReportedTraffic	no reported traffic
060	viento.wind	wind
061	viento.degrees	degrees
062	viento.knots	knots
063	viento.calm	calm
064	viento.variable	variable
065	trafico.traffic	traffic
066	trafico.hora.1	one o'clock
067	trafico.hora.2	two o'clock
068	trafico.hora.3	three o'clock
069	trafico.hora.4	four o'clock
070	trafico.hora.5	five o'clock
071	trafico.hora.6	six o'clock
072	trafico.hora.7	seven o'clock
073	trafico.hora.8	eight o'clock
074	trafico.hora.9	nine o'clock
075	trafico.hora.10	ten o'clock
076	trafico.hora.11	eleven o'clock
077	trafico.hora.12	twelve o'clock
078	trafico.millas.1	one mile
079	trafico.millas.2	two miles
080	trafico.millas.3	three miles
081	trafico.millas.4	four miles
082	trafico.millas.5	five miles
083	trafico.millas.6	six miles
084	trafico.pies.3	three hundred feet
085	trafico.pies.4	four hundred feet
086	trafico.pies.5	five hundred feet
087	trafico.pies.6	six hundred feet
088	trafico.pies.7	seven hundred feet
089	trafico.pies.8	eight hundred feet
090	trafico.pies.9	niner hundred feet
091	trafico.pies.10	one thousand feet
092	trafico.pies.11	one thousand one hundred feet
093	trafico.pies.12	one thousand two hundred feet
094	trafico.above	above
095	trafico.below	below
096	trafico.sameLevel	same level
097	altura.nivel	flight level
098	altura.pies.2	two thousand feet
099	altura.pies.3	three thousand feet
100	altura.pies.4	four thousand feet
101	altura.pies.5	five thousand feet
102	altura.pies.6	six thousand feet
103	torre.solo.pista	pista
104	torre.solo.autorizadoDespegar	autorizado a despegar
105	torre.solo.autorizadoParaAterrizar	autorizado para aterrizar
106	torre.solo.mantengaFuera	mantenga fuera de pista
107	torre.solo.autorizadoA	autorizado a
108	torre.solo.idaAlAire	ida al aire
109	cifra.es.0	cero
110	cifra.es.1	uno
111	cifra.es.2	dos
112	cifra.es.3	tres
113	cifra.es.4	cuatro
114	cifra.es.5	cinco
115	cifra.es.6	seis
116	cifra.es.7	siete
117	cifra.es.8	ocho
118	cifra.es.9	nueve
119	lado.es.izquierda	izquierda
120	lado.es.derecha	derecha
121	lado.es.central	central
122	torre.solo.afisLibre	pista libre
123	torre.solo.afisOcupada	pista ocupada
124	torre.solo.afisSinTrafico	sin tráfico conocido
125	torre.solo.afisTraficoAterriza	tráfico aterrizando
126	torre.solo.afisTraficoDespega	tráfico despegando
127	destino.pettirossi	Asunción
128	destino.guarani	Guaraní
129	destino.encarnacion	Encarnación
130	destino.yvytu-rape	Yvytu Rape
131	destino.concepcion	Concepción
132	destino.pedro-juan	Pedro Juan Caballero
133	destino.estigarribia	Mariscal Estigarribia
134	destino.ayolas	Ayolas
135	destino.pilar	Pilar
136	torre.solo.subir.2	ascienda a dos mil pies
137	torre.solo.subir.3	ascienda a tres mil pies
