001	torre.canario.solo.aterrizar	puedes aterrizar
002	torre.canario.solo.destino	puedes volar a
003	destino.tenerife-norte	Tenerife Norte
004	destino.tenerife-sur	Tenerife Sur
005	destino.gran-canaria	Gran Canaria
006	destino.lanzarote	Lanzarote
007	destino.fuerteventura	Fuerteventura
008	destino.la-palma	La Palma
009	destino.el-hierro	El Hierro
010	destino.la-gomera	La Gomera
011	fonetico.alfa	Alfa
012	fonetico.bravo	Bravo
013	fonetico.charlie	Charlie
014	fonetico.delta	Delta
015	fonetico.echo	Echo
016	fonetico.foxtrot	Foxtrot
017	fonetico.golf	Golf
018	fonetico.hotel	Hotel
019	fonetico.india	India
020	fonetico.juliett	Juliett
021	fonetico.kilo	Kilo
022	fonetico.lima	Lima
023	fonetico.mike	Mike
024	fonetico.november	November
025	fonetico.oscar	Oscar
026	fonetico.papa	Papa
027	fonetico.quebec	Quebec
028	fonetico.romeo	Romeo
029	fonetico.sierra	Sierra
030	fonetico.tango	Tango
031	fonetico.uniform	Uniform
032	fonetico.victor	Victor
033	fonetico.whiskey	Whiskey
034	fonetico.xray	X-ray
035	fonetico.yankee	Yankee
036	fonetico.zulu	Zulu
037	cifra.0	zero
038	cifra.1	one
039	cifra.2	two
040	cifra.3	three
041	cifra.4	four
042	cifra.5	five
043	cifra.6	six
044	cifra.7	seven
045	cifra.8	eight
046	cifra.9	niner
047	torre.canario.solo.runway	runway
048	lado.left	left
049	lado.right	right
050	lado.center	center
051	torre.canario.solo.clearedTakeoff	cleared for take-off
052	torre.canario.solo.clearedLand	cleared to land
053	torre.canario.solo.goAround	go around, runway occupied
054	torre.canario.solo.holdShort	hold short of the runway
055	torre.canario.solo.vacateNext	vacate next available
056	torre.canario.solo.landingTraffic	landing traffic
057	torre.canario.solo.departingTraffic	departing traffic
058	torre.canario.solo.lineUpWait	line up and wait
059	torre.canario.solo.clearedTo	cleared to
060	torre.canario.solo.runwayInUse	runway in use
061	torre.canario.solo.goAroundSolo	go around
062	torre.canario.solo.rogerMayday	roger, Mayday
063	viento.wind	wind
064	viento.degrees	degrees
065	viento.knots	knots
066	viento.calm	calm
067	viento.variable	variable
068	trafico.traffic	traffic
069	trafico.hora.1	one o'clock
070	trafico.hora.2	two o'clock
071	trafico.hora.3	three o'clock
072	trafico.hora.4	four o'clock
073	trafico.hora.5	five o'clock
074	trafico.hora.6	six o'clock
075	trafico.hora.7	seven o'clock
076	trafico.hora.8	eight o'clock
077	trafico.hora.9	nine o'clock
078	trafico.hora.10	ten o'clock
079	trafico.hora.11	eleven o'clock
080	trafico.hora.12	twelve o'clock
081	trafico.millas.1	one mile
082	trafico.millas.2	two miles
083	trafico.millas.3	three miles
084	trafico.millas.4	four miles
085	trafico.millas.5	five miles
086	trafico.millas.6	six miles
087	trafico.pies.3	three hundred feet
088	trafico.pies.4	four hundred feet
089	trafico.pies.5	five hundred feet
090	trafico.pies.6	six hundred feet
091	trafico.pies.7	seven hundred feet
092	trafico.pies.8	eight hundred feet
093	trafico.pies.9	niner hundred feet
094	trafico.pies.10	one thousand feet
095	trafico.pies.11	one thousand one hundred feet
096	trafico.pies.12	one thousand two hundred feet
097	trafico.above	above
098	trafico.below	below
099	trafico.sameLevel	same level
