001	tripulacion.canario.servicio.mango	Señoras y señores, en unos minutos pasamos por el pasillo con el servicio a bordo: agua, y mango deshidratado de la Granja Óga. ¡Que lo disfruten!
002	tripulacion.canario.servicio.pina	Señoras y señores, en unos minutos pasamos por el pasillo con el servicio a bordo: agua, y piña deshidratada de la Granja Óga. ¡Que lo disfruten!
003	tripulacion.canario.servicio.banana	Señoras y señores, en unos minutos pasamos por el pasillo con el servicio a bordo: agua, y plátano deshidratado de la Granja Óga. ¡Que lo disfruten!
004	tripulacion.canario.servicio.mani	Señoras y señores, en unos minutos pasamos por el pasillo con el servicio a bordo: agua, y manises tostados de la Granja Óga. ¡Que lo disfruten!
005	tripulacion.canario.servicio.mango.paraguay	Señoras y señores, en unos minutos pasamos por el pasillo con el servicio a bordo: agua, y mango deshidratado; un sabor de Paraguay, de la Granja Óga. ¡Que lo disfruten!
006	tripulacion.canario.servicio.pina.paraguay	Señoras y señores, en unos minutos pasamos por el pasillo con el servicio a bordo: agua, y piña deshidratada; un sabor de Paraguay, de la Granja Óga. ¡Que lo disfruten!
007	tripulacion.canario.servicio.banana.paraguay	Señoras y señores, en unos minutos pasamos por el pasillo con el servicio a bordo: agua, y plátano deshidratado; un sabor de Paraguay, de la Granja Óga. ¡Que lo disfruten!
008	tripulacion.canario.servicio.mani.paraguay	Señoras y señores, en unos minutos pasamos por el pasillo con el servicio a bordo: agua, y manises tostados; un sabor de Paraguay, de la Granja Óga. ¡Que lo disfruten!
009	tripulacion.canario.servicio.largo	Y como el viaje es largo, también tenemos café y té.
010	tripulacion.canario.cinturones	Señoras y señores, se ha encendido la señal de cinturones. Por favor, abróchense el cinturón, pongan el respaldo recto y recojan la mesita. Muchas gracias.
011	tripulacion.canario.mascaras	Señoras y señores: tiren de la mascarilla hacia ustedes, colóquensela sobre la nariz y la boca y respiren con normalidad. Pónganse primero la suya y luego ayuden a quien lo necesite. Vamos a bajar a una altura donde se respira bien.
012	tripulacion.canario.bienvenidos.tenerife-norte	Señoras y señores, bienvenidos a Tenerife Norte.
013	tripulacion.canario.bienvenidos.tenerife-sur	Señoras y señores, bienvenidos a Tenerife Sur.
014	tripulacion.canario.bienvenidos.gran-canaria	Señoras y señores, bienvenidos a Gran Canaria.
015	tripulacion.canario.bienvenidos.lanzarote	Señoras y señores, bienvenidos a Lanzarote.
016	tripulacion.canario.bienvenidos.fuerteventura	Señoras y señores, bienvenidos a Fuerteventura.
017	tripulacion.canario.bienvenidos.la-palma	Señoras y señores, bienvenidos a La Palma.
018	tripulacion.canario.bienvenidos.la-gomera	Señoras y señores, bienvenidos a La Gomera.
019	tripulacion.canario.trasLaToma	Por favor, permanezcan sentados y con el cinturón abrochado hasta que el avión se detenga por completo y se apague la señal de cinturones. Ya pueden utilizar sus teléfonos móviles. Tengan cuidado al abrir los compartimentos superiores, porque el equipaje puede haberse movido durante el vuelo. Muchas gracias.
020	tripulacion.canario.trasLaToma~2	Les rogamos que sigan sentados, con el cinturón abrochado, hasta que el avión se pare del todo y se apague la señal. Desde ahora pueden encender el móvil. Abran los compartimentos con cuidado, que en el vuelo las maletas también viajan. Y antes de salir, miren en el bolsillo del asiento por si se dejan algo.
021	tripulacion.canario.trasLaToma~3	Por su seguridad, permanezcan sentados con el cinturón puesto hasta que el avión se detenga y se apague la señal de cinturones. Ya pueden usar el teléfono. Cuidado al abrir los compartimentos de arriba, y no olviden sus pertenencias. Muchas gracias y hasta pronto.
